application_id,target
102531,0.8063513150971057
107213,0.7348185295027794
100238,0.2047844877554484
104918,0.193767528031029
106480,0.3688647589892941
101134,0.1285334276389889
105902,0.0930571304639484
108091,0.10652126206707645
104260,0.10359017157367822
108432,0.11377596479988582
108980,0.13045370258658878
108513,0.07819407092695692
107360,0.3715903093744602
105657,0.11096419602500121
107550,0.7997944207347767
108525,0.16371348363777818
105908,0.3664237317266399
102979,0.30453987507650254
107746,0.6867292347060824
105525,0.09544816887279857
107528,0.18606905869335522
106622,0.17014876608082363
107303,0.07022328794690334
103920,0.7623095395642344
103139,0.05988900712520435
108473,0.10279328420633596
105790,0.12145833021185146
104074,0.4789875093267244
103288,0.6091810781361992
103230,0.10779611966014369
101827,0.40028914667588
105549,0.35723259079155906
100594,0.06415643524736642
102726,0.18152380627344736
104138,0.13514675064882556
100561,0.1239073838180995
107664,0.5045306418238507
106904,0.916074722264631
100244,0.129355530179074
105436,0.07052489474131947
104438,0.11922985061058478
106803,0.06840093612006459
100406,0.13471473640532983
101443,0.48308938376864874
100262,0.12625955071792833
106580,0.17507721730796674
108578,0.15117560552642867
101690,0.8120319051438826
101726,0.06420853290456846
107981,0.6401407175302173
104931,0.746914341609834
105963,0.14801216287757993
102497,0.21574889980838427
106107,0.05979138723050419
106596,0.18733199001699477
100341,0.7972537513121905
106842,0.7462397577131578
101602,0.19257633808497357
106860,0.07019511582777285
105783,0.28913648412275966
104577,0.45584266450119315
103726,0.6216223000531687
102557,0.07184008495124264
102786,0.1882795681489242
101524,0.9284015985335556
108052,0.9225233580280165
102832,0.7245723050267862
101013,0.4785578024072572
106909,0.11853484187174716
107913,0.18203976116656195
101767,0.4100609556190491
104552,0.7304106010492543
106550,0.0863827313557593
104038,0.08659141176474835
106706,0.13885470522036827
108969,0.08739689213605853
107938,0.10210419451347033
108683,0.2845333402612824
100364,0.1383942144104135
105368,0.17272262413577313
108950,0.8971414407987169
108170,0.8657508546369308
108503,0.753665089261317
104726,0.5363344502242405
104444,0.8631655112500418
107802,0.16900609867016178
108623,0.07927536300747522
102563,0.6554995675437114
106858,0.07723129556935159
108639,0.14165310177050444
105520,0.07009755132567329
108648,0.3216993889657782
103084,0.0670218573348079
102960,0.06381430612784562
102103,0.6355562218392355
100633,0.24315611706340762
102494,0.6834389486792712
102666,0.7436666145141861
107198,0.3452972323393853
104407,0.6551173658792538
107199,0.19963553419935792
107758,0.4254613961956921
102335,0.33134879068559603
107509,0.8731692637859837
103620,0.07973279736797043
105562,0.09598030588440039
103884,0.06002149477423675
106660,0.2442638441433655
104212,0.08976820405132098
108552,0.07399123036101521
101495,0.11527684276683359
102402,0.0979771646582985
103875,0.6326265047453161
101233,0.12818900986501358
102662,0.30880749690196896
102818,0.11745006491091602
106700,0.6899891815882089
102775,0.36529954573684104
108832,0.7659219088066863
107769,0.08571817741804547
104154,0.116485415672863
107302,0.08301589951970229
103062,0.8765281196989665
100067,0.7576416934693502
108951,0.07820115548892796
101736,0.17252370119362775
102824,0.8782555265138393
106293,0.6898634171343286
107467,0.7630943078990843
106731,0.21514259580993572
102476,0.20368148256296867
102565,0.16108488672718832
108985,0.7564024524327683
103714,0.06999010623724765
108326,0.3673547186131973
100708,0.436942846385537
103047,0.22024244093803086
108260,0.1568552755814698
105190,0.16062676022178063
107475,0.10550903663306284
105473,0.5710913124915175
100073,0.8416761649296527
106019,0.8275489765865168
104449,0.8609373102657323
105861,0.9282883615681371
104840,0.5227760171648416
104132,0.08249738746629943
105102,0.27461776331524235
101191,0.33977827288629203
106432,0.29716723258929567
102602,0.7033896262110446
101126,0.6901485557229649
101242,0.5641530420193964
107580,0.2940238804517668
103603,0.8669861060604747
108071,0.18609670534611922
107350,0.12742430070715333
103352,0.08138282922730314
105095,0.08167385962463028
106603,0.9159349181284078
104009,0.3373375002077706
101578,0.11564163093714726
103907,0.7220887117493896
103730,0.24853082650099376
104359,0.3193610603733408
105923,0.14305784715161418
101344,0.20948521338102036
108989,0.6479486512260655
107449,0.08811079838167665
100441,0.2150493125499061
101101,0.08703343065206129
102638,0.2500727685859318
106921,0.20795755570470767
100650,0.9285832427027337
101547,0.8541097859321819
108084,0.8212067753769635
107474,0.09011439969526372
102853,0.8779063160345498
103504,0.27382374985496954
107067,0.8618303440963635
100631,0.33185313572072145
104769,0.08771251662911189
101250,0.2828679839239147
107438,0.8376990916859552
100483,0.14647479286511828
101585,0.7327682237497047
104677,0.7620863978849837
106386,0.7292524078004283
101463,0.2428965313835684
103041,0.37994042585296206
105011,0.39409945952627945
107536,0.5511466432714007
103274,0.09912869395791217
103684,0.9117240766691866
104146,0.9151248365955388
108761,0.1915950774823527
106919,0.19726105614115172
104955,0.7835290087767135
103226,0.852488714981356
101073,0.07016761526554867
104816,0.2248581709565384
108888,0.08664150608013511
102632,0.613769694325062
101661,0.08130747410531511
105753,0.1188295952270952
102426,0.1248321796144111
105080,0.13343958370679382
108220,0.09982647909337426
105903,0.7782248607424062
107445,0.06446486262433138
103098,0.06498720441725485
103977,0.1927397292712676
101244,0.09170860171385019
101301,0.11972470650220478
106285,0.1472558881177845
106978,0.09970613941227761
105482,0.7128385351961614
107755,0.07144631615478952
105496,0.10832064904043608
105292,0.21059097671322674
101409,0.5051242879915738
101846,0.7523731784021798
101799,0.21586775544479067
103958,0.554393606764198
101476,0.09447578533985616
107101,0.0863601572725917
100036,0.1921035735851893
107453,0.07172515186920563
106442,0.11494839749043262
100445,0.15620532551933344
102360,0.09822699971683307
103655,0.061166718200317924
106303,0.7082448297999704
107686,0.073503988614826
103180,0.6680494898083272
101287,0.10091981656476327
107282,0.23148623705342572
104446,0.31206934324553887
103417,0.5993180662998135
102138,0.06669656961971689
102637,0.1481171647274485
104017,0.11684580328133622
104098,0.25378503288544363
101682,0.7294258226901544
108774,0.15579637845746083
107598,0.93270204491168
105768,0.2508769640336444
106793,0.21319663495061963
105276,0.12330705569374782
101693,0.7721008355018381
107236,0.7249617354140852
107795,0.5672842133784269
103636,0.5040765332177064
100373,0.4087967950978773
107525,0.1814203777964175
106013,0.17083455383301002
105454,0.25024077958681457
105922,0.10352433143065289
104883,0.13352103694695894
104566,0.15945128769764202
100141,0.8215508742179402
104885,0.2353424888572187
104420,0.823255227771957
108979,0.0671604062145252
108040,0.18824455480586613
100715,0.08059257747948419
105924,0.210464402948301
106543,0.8157247932714994
105244,0.11561652878423755
103189,0.45222563554255324
108426,0.1432589612961386
104432,0.09010120783712315
108944,0.22978477344239026
100407,0.1662451709434103
100021,0.21648115023738157
101005,0.18006309159015285
106891,0.0922838013296911
104987,0.07109269607303573
102412,0.13848087559832795
102546,0.17222338159427644
108696,0.07212045574092009
102391,0.22424595266180977
107862,0.5911904266154493
100043,0.3298137381000535
102831,0.10574753513398415
105860,0.8856901268204657
103372,0.15991763092301667
103023,0.8994601417752384
103365,0.07132757616170499
104400,0.9062581425223669
105253,0.4358569341844238
100012,0.8711158793692103
104761,0.917388085040818
101178,0.432833478261668
106773,0.17045646769296072
101948,0.21602117105083923
102502,0.7119341819148629
108345,0.5032929967228116
102864,0.14826697417772927
107433,0.1802582030169131
103866,0.6110681584581369
106229,0.16671681862698698
101027,0.10219446449310206
103849,0.1373379369801162
102990,0.1051338387869444
100962,0.4740946349326205
102890,0.6552171665021586
103016,0.11741582167069078
103339,0.8824087416469395
106106,0.303017052198229
106246,0.2768493331586848
107218,0.19990641789071373
106435,0.11612645450422615
106935,0.8672800670526203
100736,0.6534614818074558
104401,0.07005772907350125
101441,0.21778702087519952
108770,0.2010312483625124
108582,0.7190439430256936
102876,0.0675481863480136
103987,0.30834490026796096
100917,0.20457343068482856
108200,0.36297748358827825
107637,0.07571336091304115
104090,0.10580157986560731
108625,0.08863983585765738
107646,0.8886060143802015
102773,0.14563823947930188
101625,0.15270296521109375
107757,0.06874299953663132
100822,0.34734562406635644
101368,0.1685095194136055
103713,0.0836838269979445
108866,0.14850097545271815
101389,0.616614905748622
100851,0.1010658367062776
101001,0.14406801971088096
108842,0.7627746138574443
107464,0.18025222557349255
104115,0.13990608713315505
101638,0.0703406612962684
101668,0.9067785810815397
104590,0.2154019365304497
103174,0.10544055408983241
108706,0.9090310959864921
101348,0.26880158175483554
107643,0.3000579862779718
103231,0.5928619138474025
108125,0.3011613991006632
108895,0.32385950368689803
107529,0.1331220159320479
104784,0.812597559502277
107648,0.2585569642240603
103233,0.8600025498779421
105705,0.24335467179960377
108592,0.07006878532163259
100704,0.3983274520696811
105106,0.11142124814364722
107803,0.20128713411543164
103292,0.4305662163325603
103674,0.7205112111007108
102409,0.7110103548886932
108619,0.6127211501476472
101328,0.8000449970101744
108665,0.0922950355321174
105774,0.1005405108343373
106096,0.868984554338398
105407,0.8173562009993657
108022,0.8900069956951174
106084,0.7373132295167928
104910,0.45183971725727734
104441,0.3157502056048328
108802,0.20128496740005283
100987,0.10351468751012925
107771,0.22562315221704246
103953,0.06209342933839058
108303,0.06338520612916373
108100,0.6035983527073828
104050,0.0722286248530473
106258,0.1077416202686213
103486,0.5461817055923069
106090,0.5861266307495351
102475,0.08100660974264443
105239,0.40515323584406016
106455,0.688569183138915
103874,0.8925197922180034
101199,0.7736532196234014
104182,0.07960948862897009
101519,0.24405904072598714
108116,0.18371730057575802
105478,0.08418513277757786
106813,0.09456930206751234
101800,0.07634383239142299
101015,0.21625769264509767
100129,0.5865466716538995
101365,0.18689029169250557
107538,0.16776677186611913
104471,0.47952008510421296
100892,0.29521965214816076
102794,0.08321241216692099
101970,0.13685599759955042
105456,0.7455562854371163
104404,0.21347203774703022
105758,0.21423233191784644
106528,0.0701210324918256
106295,0.08397335149951334
103924,0.10631423928498876
105414,0.17562525368335014
108292,0.7881830188743929
103250,0.2364416056890644
106571,0.9265993041512904
106639,0.3971655497644012
108243,0.6633791920090126
101209,0.6363840719603946
103869,0.06584156588883772
108498,0.8243240278460506
104066,0.1279304516454263
108273,0.23862045424427128
107432,0.3209477085044109
101240,0.060336184175339695
102290,0.10114837546691872
102741,0.13922040293360863
100276,0.2592841263979232
104586,0.33472796924118003
101036,0.7324769070648972
101230,0.18314498547412317
106835,0.7468976648137086
101009,0.22208499809518661
107977,0.0996376523738045
105179,0.9243130374658272
103829,0.6146589106547992
102533,0.47418022442564944
104294,0.23083101447713328
101059,0.395867411834472
106263,0.11742731804146148
107277,0.31825091440483994
100282,0.27619388713728804
101044,0.09850414414622657
101317,0.8853001211776919
106655,0.08491659491863397
100969,0.28904284635787153
102382,0.40376109185313386
107809,0.140065772197593
101940,0.09746812214939164
107046,0.6026499130758661
101275,0.21662357136889904
100620,0.1384019601725034
107121,0.08438454290425522
101743,0.08303442395297116
101391,0.2860884679888326
107970,0.5095868950461724
105944,0.06425308596286088
101580,0.18814278180219324
101656,0.5025774574765521
103569,0.8623282019461471
102353,0.1307632158382483
102213,0.7758745285896756
106117,0.667408124067166
108973,0.13663270513173004
106053,0.9173089702039017
103179,0.41901564995221047
103193,0.11376699612283507
101308,0.08244993566658158
106100,0.08214032719189895
100576,0.07415005609687836
102361,0.223751762657341
106657,0.08531084775253144
105803,0.09710214593930644
107708,0.23551500481394103
107380,0.06667600284644337
101281,0.22929766879081034
107964,0.5100669909285487
104958,0.7564110253025871
108095,0.6070360948509904
105898,0.06445767881344527
105725,0.08190525637011915
101994,0.7645044518153533
102640,0.09582194577118587
100270,0.481047556919227
100630,0.07265947081596584
107265,0.09359002152727833
103082,0.5663622047672877
103467,0.871131683722577
106431,0.5202955693846925
108376,0.11643275017706953
104397,0.06884926513879781
104024,0.1753906605829446
108752,0.45383036427127893
105544,0.5948581460012045
105569,0.6968949973912614
102047,0.7334748651041995
104357,0.1547333970404218
107683,0.7416705918152875
102114,0.3691165384907097
100028,0.5233431457745108
102041,0.17459349974123334
103929,0.676858928460821
102939,0.9028788565816555
103217,0.06511978542763878
104934,0.1723181155524714
103815,0.8937333004380874
100130,0.09212225112462624
107269,0.28302497065042875
106105,0.2454668226448804
102279,0.14817154651527759
104600,0.14316815230393118
100014,0.9172373960174901
108293,0.9326642288703212
104477,0.0916873506978656
108192,0.42381350758808695
101526,0.4212980791781134
102366,0.3279207323157303
104649,0.5545673082203619
103053,0.09153690903383624
104006,0.06230667261968164
106981,0.10130468883823829
102341,0.3388646538472106
100375,0.19439542310993668
107147,0.23001971858063025
106478,0.06796765911609494
100526,0.5675986978780077
100940,0.9081556508303441
103370,0.08886122218057356
105719,0.8557240566036457
104574,0.20858107097868844
106896,0.635531350394215
102148,0.7679856990209146
103592,0.17200829681056648
107737,0.5434253298421642
108554,0.3840613758541338
102959,0.17889419987727737
106165,0.07296360507397187
103624,0.19333515274784205
100530,0.07982726857369113
103715,0.1644780844316291
107647,0.6565158403738146
104733,0.2176305120705914
101270,0.36068777067126456
104282,0.5645198806018752
101395,0.21943086399136943
104851,0.5473703347832024
104010,0.059580825086139134
104391,0.16387852254870144
101798,0.07910631264433485
102980,0.0688022069489508
101442,0.09485090658699362
108188,0.2065615353364857
102626,0.18657339489549624
103812,0.18873038472088094
105632,0.3120485949186416
108337,0.3053940050589847
101274,0.3819845499063728
108026,0.2407910131187016
104704,0.0745365652187277
101713,0.18590786186233543
108777,0.10123926562782963
100956,0.08440669385635101
106676,0.779808171503396
107263,0.06978833756568946
107819,0.10737528182811815
108435,0.6562974597195913
108606,0.16010506664690904
107601,0.8243224218516192
100404,0.06834310671029922
102072,0.3104159111277484
108763,0.41810151968257336
101978,0.13753573442276606
100159,0.06764064776234034
105845,0.22149759292454252
107006,0.6611222228246525
103889,0.6261674065631886
105452,0.6107577491058847
100903,0.8935918272195545
100353,0.12519738827559673
105327,0.17328466194949918
106079,0.9128712659556198
106237,0.9105343583754093
104541,0.17776782858030832
104131,0.1527089640879172
100755,0.7822064759396419
105834,0.06976998811814253
102972,0.38275056060153667
101083,0.06782670291787168
102921,0.710949540034457
100312,0.5863995979683903
104645,0.5831249144386751
100662,0.05680893265044659
107058,0.10546849764934267
101990,0.08540461787049315
103666,0.09549121190584883
100307,0.10021831721350431
102336,0.500898252444103
104791,0.20963679908095548
102357,0.8752450060273267
103703,0.4301673666395579
103805,0.2252236650680513
101928,0.44214750377309187
108907,0.17081510773218395
103428,0.11075682571456684
100750,0.0682357635727767
103639,0.6391450845133417
107133,0.27185731825932496
101267,0.1947788312525341
107174,0.07322007360969171
107442,0.07684175212062111
102957,0.46646340832910815
103596,0.06886021979866129
102135,0.1657764276094909
105067,0.6730479641444591
104110,0.6255389838020953
104970,0.08106594672463018
104905,0.15113824647639632
100515,0.551382686663082
100895,0.4012499506621666
100410,0.21994480771751443
107399,0.11209540453899676
108981,0.5670490274732694
103462,0.6419292661890387
100900,0.5222762143266855
100208,0.07995410616511398
107965,0.11351693087336442
100459,0.07696648329394319
102055,0.5225264064715096
102431,0.10872139949305179
100251,0.058992920599364146
108264,0.40031178189764727
105438,0.7576460285144241
101108,0.18022550204406246
107945,0.08970445182088846
105980,0.5051969554729752
101714,0.06339903343073867
103912,0.11531765822802387
107880,0.6273037445475355
100716,0.08749964805080328
100553,0.5509844072506308
101440,0.5940183918392794
102271,0.8851134134491633
103145,0.7943389388633281
106918,0.9175010542936748
102057,0.16796531579402638
101926,0.1412979125861771
100635,0.7776349555191643
106083,0.1281230193011319
100317,0.09988011292694962
108335,0.07243839960587065
108709,0.11983804332422968
105425,0.27407561893948046
100428,0.9353150075843127
107278,0.4341112036631827
100106,0.18285734144510132
103042,0.136051661361622
104239,0.07672992671808727
102170,0.4940749997307129
101710,0.15638560499900694
100090,0.5843782085721102
107015,0.8747054327738681
102242,0.17605587669606973
103175,0.5208037982728398
107319,0.6896541807516173
106260,0.08101557320772086
106733,0.24528388836309364
101950,0.80531555771015
104045,0.062257750723656934
108860,0.32160154768101545
102849,0.06941073240061726
106369,0.09104086928684489
100002,0.3921688187625936
106140,0.9061229373480261
104338,0.09933974406354702
106048,0.10024724148477082
100936,0.6615102687991308
100714,0.883997397880412
102721,0.08829931299613604
108957,0.5167365532371273
105206,0.4372238150565443
107502,0.8809390484281306
100592,0.07617562059233055
108829,0.8886733100982666
107357,0.33784014237863086
102937,0.07717597805101234
108514,0.3006610225336503
102449,0.1596470840212387
101577,0.10750349304799123
107877,0.31936316367712153
108169,0.8576227113685536
100214,0.11146866649803484
100779,0.06532796477138202
105512,0.21103134752232205
103497,0.8898557442392392
107678,0.9077353026646917
102044,0.5207874225244165
108760,0.7413280294884282
108551,0.23874350762527233
105421,0.14925953964731392
106155,0.3239108472710674
101568,0.15410905736133534
100166,0.6630800840671074
104703,0.07050704228075687
103567,0.4329388953020933
107498,0.9164024235871399
108765,0.564114611913354
105440,0.9301682512493803
102014,0.11069467717691708
100274,0.8163566207680508
103861,0.2624294628249413
104168,0.11539143969739221
107810,0.30322812876280536
103789,0.4780423639266738
105184,0.1492852573814909
100395,0.910318508874427
100584,0.541287730114549
108919,0.7091669553562473
108987,0.23532671171037728
100117,0.6960833199453891
106645,0.1618053060022328
108041,0.1199942866272145
106870,0.5436060125866004
108955,0.09239780243563102
108938,0.5917361083430864
107922,0.18400357725024463
100521,0.10172906397646607
101764,0.8399831909121767
101876,0.6762952785346247
105356,0.624310120336736
103966,0.24747770561129082
103345,0.09342442352717188
106599,0.12726261611703824
102254,0.6123734770213571
106878,0.7893472920874527
103225,0.2959754176487572
100527,0.06924877695673251
108109,0.8242034820707939
102947,0.08471068058320669
104474,0.09098979352877669
103900,0.08022092850348025
105656,0.6459670008875331
100693,0.08214806431846737
106060,0.1365440488250758
100960,0.5612507102836739
104445,0.08482643725079055
108481,0.8979794114807524
106343,0.06730013717110153
106132,0.06912105023997132
103634,0.1256016965403954
105806,0.06120119792735061
101051,0.22403028413618023
100591,0.09094163169000236
100520,0.7229298612907499
103381,0.5767588913966655
103677,0.6914083290832197
105777,0.249882168465639
108063,0.13645300745778607
106574,0.5053342706245687
105180,0.25020318198466496
101608,0.5691266932810519
103611,0.07017306253914567
108780,0.9258192640210923
106636,0.9198477248871271
108998,0.10186767133322237
101810,0.19744323390199622
100792,0.10706674130592773
100793,0.16914551738337413
108046,0.14398591994540125
101856,0.908676713972672
101981,0.19199890278380205
103234,0.25038212137268195
103599,0.09186532609225091
100934,0.06769698163162487
103964,0.3121683923720584
107291,0.09215938169505306
105627,0.18819478967605152
105507,0.23226918046082515
106073,0.7896442777002178
101683,0.11123722466957939
104180,0.9313883761804209
104027,0.10611327489134717
108444,0.8102692935462146
106447,0.17044180969364445
104117,0.2016390308347617
100989,0.8941091526920711
107554,0.11685498488333565
108262,0.07030111602118673
103454,0.1085590238283263
102897,0.9168374185718952
103779,0.06779717627138714
105659,0.21583785635269673
108203,0.6743198234326471
103094,0.06912174985398774
103156,0.09031541924960411
105070,0.8703773216857918
105807,0.5026332251487449
103202,0.07854183532154986
107903,0.12676852581592296
108657,0.2646571288999466
101099,0.2120284833454596
108130,0.11138163722688095
102845,0.17034981465259227
100887,0.2332635957211472
103343,0.07095347084894402
107594,0.25826044979251817
106541,0.5862514244133943
108409,0.592306429014891
106097,0.9095411673930377
100516,0.07523616571249492
103357,0.13759672028602413
104834,0.4488629211729811
101454,0.13071068677702147
103554,0.20736122821931324
103610,0.21572520632412034
108935,0.06220600347471725
104666,0.11367633095628189
102507,0.10874157538306341
102995,0.14257996947424273
104000,0.5692094763076976
106223,0.4122530145599203
108741,0.25744882537818503
108906,0.2598551601768675
100907,0.8813457438525814
100029,0.5543808490016617
108295,0.8696453649129305
102508,0.38889518617886365
102429,0.8515767353018097
105044,0.08984572513112284
105347,0.21756870498038722
100763,0.36748044108267763
103748,0.11570370636983761
104812,0.06823131332325545
100285,0.8182435638229759
100687,0.0881461687922011
104800,0.8010657914764995
102354,0.5551221152998614
106354,0.7938443269449228
107874,0.7096537664779217
104570,0.44970003459640184
100022,0.33315113546769276
102753,0.4983753397666827
100886,0.09568409352784346
108379,0.46025183501345307
100918,0.21114779122561605
107676,0.781305182315568
101041,0.11128748317624404
106336,0.19474010507258344
107764,0.1217818571787653
101266,0.06911242133285041
104580,0.07635846347970238
108332,0.849631452613074
107060,0.09394076688328805
108660,0.0907323040695329
100278,0.556695025194688
105085,0.9069854457221836
102085,0.8757280643522505
101246,0.854156225433653
102383,0.40702421056879123
100572,0.08500608208447467
101436,0.8837334672822017
103903,0.2897615664064936
105090,0.13107383274582046
101248,0.05714424683819307
107354,0.06291516137947745
104682,0.15814893714301373
103527,0.13802801551632402
106558,0.2583058678889035
102515,0.16509499304330766
105446,0.09698057019607255
101008,0.15594487703261295
104771,0.11165591060528306
106509,0.13347767118296705
107000,0.3395670402137155
104544,0.40957008749130647
107382,0.8811271895012589
107677,0.0643750603970153
104456,0.07615260502628443
102065,0.5830234753855154
105353,0.8616412117804471
107729,0.15997792692367133
101691,0.6081728510020105
103118,0.10703597125560352
108555,0.1956270046283247
105344,0.8051545938363014
101986,0.07127959162933545
100295,0.46638769332978625
101548,0.09397485189673076
102013,0.22719175087437132
100589,0.15466567954204605
103330,0.18986506958972302
102404,0.2008746752792023
102130,0.6360962026896173
103999,0.9184510678637813
101575,0.20898334569477792
103742,0.150132099423118
103509,0.8515563131145377
108290,0.6375501343825264
102720,0.10023504658340505
104522,0.1966595095481349
106679,0.12187556457520968
105151,0.11183423527393256
102809,0.06492355939930186
108577,0.253741763406627
100557,0.9120813479385415
106277,0.4538425009373364
107860,0.6855018131813921
104796,0.26522474482903086
102470,0.8446194208357166
103739,0.17031787916144928
104287,0.3438377181289171
108055,0.11401018763497375
105290,0.06970609467293552
101717,0.8262546250423198
102605,0.32563086669960295
108070,0.08866811936555843
106925,0.6087992831745073
101705,0.8212599721073979
106960,0.8049273494625471
106715,0.5745918322463358
106497,0.08773882892293568
102140,0.1288272887291391
103240,0.361721161034189
102384,0.8868640388798001
107315,0.08954476745044691
104312,0.18194319745568735
101286,0.799430358601578
101313,0.12626208662778476
107760,0.11703055401208662
101997,0.33710071166066624
103931,0.870297879709723
106184,0.37096027106231727
105986,0.16913470056060984
107417,0.12080941923439344
101592,0.7655935953312876
108710,0.7885386532753111
108447,0.13404832259710361
102163,0.1757118333429368
102397,0.1310580725004634
100318,0.08295971246337754
106368,0.1846390266854976
108497,0.3131880987522844
103112,0.1534845155363566
105234,0.5038219913586471
107817,0.13568668976282575
105069,0.8309230977364186
104037,0.9186414154815357
100796,0.5404431545448991
103021,0.44304074796736037
101712,0.21698043603190126
103388,0.2543209911252812
100037,0.8560314683940452
104550,0.8508445792943972
100914,0.8980996132103002
105722,0.11571582288482647
105296,0.2179758257542699
103973,0.8040873760802992
105371,0.08194567738326625
106472,0.22477782007141506
104134,0.38337247270586916
100975,0.10808582738979441
107292,0.1654896474664623
100984,0.8923995783915658
107826,0.083942626099169
107989,0.8356905863646652
101419,0.47218283539689154
108099,0.16896250355560818
101561,0.32354271619681
104136,0.7172983985767809
105583,0.12561449269734307
108168,0.10963912848704678
104266,0.9343185920875938
101356,0.23078523459018116
108371,0.27858874614195284
105017,0.1414114328712859
108755,0.23278749359236972
100988,0.9073809667908241
102683,0.37036666714770305
105048,0.07538771729266958
101641,0.060490669080003785
101291,0.07696912227392556
103682,0.31739203569545327
101381,0.07286342746587056
101934,0.4323723518657629
104676,0.34818527627829116
102377,0.06309523961604938
103161,0.06926989876690193
102031,0.11298213560936046
100893,0.6848491466728698
107288,0.11012690897333917
104877,0.8386492922689033
104070,0.17402358362000703
104256,0.6932570826258847
100003,0.4680026721557844
108105,0.6553407289552525
108439,0.5223810763939114
102110,0.19835185536535602
100850,0.3735145058713943
102738,0.13279918166341148
102467,0.15484984552808892
101915,0.2912034173020048
101597,0.07199858930096013
105873,0.8961485033282954
101914,0.07819380141097955
105140,0.2862996005440361
108725,0.21606948136409687
105641,0.1273824376968459
102737,0.23779535399202215
100727,0.7534557760891315
107215,0.11407977458761567
100054,0.06874712179402243
101797,0.0668171659220969
103846,0.06377412782120143
106008,0.057917430603229625
106403,0.22268842369566927
102554,0.05867841854819334
102801,0.11121142166868796
100937,0.7250650645165739
108068,0.7176707755663191
100825,0.07071439580361234
104322,0.14356074172337652
107275,0.21834907746973953
103402,0.7646908746220216
101390,0.08376758189273074
103565,0.36647767382854424
107411,0.19841139120253254
100885,0.06735015205646196
105430,0.07715867753829496
105704,0.08448417113621036
105691,0.10486850539594748
104868,0.9201437591815204
106708,0.22428407031429276
107774,0.09711627657715428
106370,0.10642772514817074
101869,0.41921627088291546
105182,0.11379483706353842
100011,0.8428319829053544
103416,0.06842978570531473
105422,0.25376846029980354
107487,0.1226588525744729
101464,0.08180735998989515
100807,0.11834109808784032
107980,0.11507856498279627
108117,0.9118245496661581
104069,0.15893705810925882
102109,0.8327508849035838
108226,0.8144604162771131
102042,0.11367448083045562
102235,0.16212904854417204
107308,0.49803949635859024
100964,0.7328254507945683
107512,0.07936412877491257
107671,0.07298556779039651
104495,0.06673335279417844
102633,0.12451093048058345
106095,0.22483585075224327
107093,0.20773523597247434
100705,0.21351442012323443
100432,0.09941739850114231
104389,0.40891081141384183
106078,0.17542540034347076
100146,0.5534683262525151
106468,0.0902245376216522
102034,0.07801651679091301
100376,0.5666951118326505
101166,0.10579539977757255
103501,0.1503998451635797
102051,0.2490098136140864
103761,0.07898726065022275
102625,0.48628797872395524
104485,0.08216893309697829
104436,0.7680240931970301
107800,0.06600258932568205
108927,0.6648142103253033
107070,0.31693093076373013
104362,0.15357967444907347
102425,0.07706168388402845
101263,0.6710966002984037
101772,0.14413747888538953
103512,0.14578715868069428
100272,0.9186486251404794
104793,0.5606809619787368
104844,0.6374225869923204
100245,0.15507492202517736
108856,0.18375084591007532
104573,0.6826326839549421
102033,0.11701749718156715
105054,0.12878713641236447
107736,0.12456236350472807
100814,0.07387925913994
108695,0.7676113427190276
106011,0.8835956231408719
103811,0.8834373341144834
105728,0.8885096325038173
108963,0.08689859460976194
107951,0.3799735199508043
101805,0.09822308121816212
108360,0.1220727114816644
104347,0.644170228573585
102462,0.308147120045742
100546,0.6100849264053951
103242,0.19520709522572577
100739,0.07663958535406917
100311,0.0664377400486588
103522,0.11505156146150615
107038,0.931748916671191
101132,0.0948667937816574
105546,0.8554306430393264
100493,0.27107676922836615
104112,0.6850876081994717
107329,0.10821905171621346
102770,0.3666599308134148
107565,0.11185379242636631
100921,0.14005980957842076
108817,0.09832046203177904
108195,0.6978312313451912
103588,0.11790280259606785
106641,0.2516834683544709
103960,0.8854961913128706
100039,0.08669437014193668
104460,0.06235560885871363
107127,0.8892633022815164
104279,0.23462906537573705
107130,0.2958415419389963
102984,0.24126349538778433
105291,0.6739767992195906
106949,0.19587826158102875
100131,0.20273913998412318
105218,0.6404288584633469
108928,0.08308395354975773
102668,0.8409643138892832
107139,0.1409687885800695
103224,0.06401903837366824
101183,0.42094078173018556
105393,0.8409460014422175
100615,0.5853342957124698
108911,0.11118215310279637
101467,0.3647679914332492
104498,0.19578844660187633
103043,0.10151304049612112
100935,0.14954008020201073
102420,0.3346282882783652
105086,0.13130513873906288
103295,0.49424560030555137
106738,0.119681918598992
107939,0.07724102668021543
104823,0.11437871643701608
100827,0.8596236548832576
101522,0.1877601923837308
106832,0.4016044557561139
102931,0.6070960251978621
104233,0.4111618226750171
100629,0.08311549025459508
104431,0.1864601847071484
103854,0.22586467000926483
100391,0.8725245143307933
104346,0.6503324733104695
108870,0.07100322515973771
107125,0.10978245366463564
105914,0.7741561489579233
103991,0.11907218723058915
100401,0.9062102222121959
104807,0.6427275063770783
105136,0.7931776025346724
107912,0.1173667877685566
103360,0.7060316772711118
100047,0.10260020514316706
105658,0.23795176850155664
100489,0.7744443604579815
103994,0.3409792667280764
103643,0.20203769087718634
103727,0.48770344299831475
108593,0.08414272793637043
105209,0.15816307010487665
106610,0.14257897638544725
105320,0.8825435547129116
100710,0.8898187628712224
107120,0.5715227611082502
102422,0.8177313385585278
105605,0.06782106863359462
101751,0.2917256005066639
108952,0.23970761445265434
108015,0.18273223702276387
104063,0.09987921515536831
108745,0.07864838711570597
100339,0.5245537932412832
100216,0.12730610327326325
103664,0.09092115917243347
101342,0.0794111793053203
108586,0.4688843200666954
105617,0.13630581716466694
103895,0.7360005763181355
103641,0.11498465142048771
100330,0.16907533874616035
107694,0.11917106966047672
103005,0.09336787897987875
106961,0.2010600055613188
104091,0.7013136883259513
103116,0.12239348140616742
108841,0.17102843013635838
102323,0.15735586923688993
106668,0.33964060092456
107010,0.3073450451419553
104198,0.16081684688831072
103550,0.6368860278023745
101459,0.11388133562783108
100172,0.238794334012967
104204,0.8468336050372057
108375,0.521951401911464
103570,0.06898501743002333
104227,0.12070426281828871
105159,0.08280433716054439
107983,0.07956533776938042
106186,0.168698444367862
108060,0.8040030758258289
100939,0.734447286256091
100061,0.10418855699453386
101241,0.7398710153899127
105761,0.45643602130520083
105137,0.17731893080742012
108175,0.11917686626040999
106857,0.8019876405613612
102121,0.06748208499656934
101525,0.11427874733283641
107618,0.37893853737193034
100154,0.21731254555878285
106345,0.13426083544248177
100482,0.7748478518642019
106123,0.8687225143450494
104461,0.07895470832241816
107675,0.5176886370728216
107102,0.08490942649462511
103921,0.27550587277019783
107659,0.5788392691509979
107412,0.1675244133130181
101763,0.09656469795898566
107635,0.13208393241055166
107316,0.07358765750658926
100751,0.8037729320942121
101786,0.07799593338624583
108143,0.09753839296876972
107480,0.10183148486504745
106213,0.07838768333046435
104502,0.19198691493384112
104854,0.08106236786762273
102712,0.10433036453190501
106767,0.09669579505295524
107915,0.8491248021529229
104194,0.44312110997044546
101334,0.06772326535121341
101251,0.07207273892550585
106888,0.8203276834887337
102855,0.8828887113237499
100187,0.657418324279113
101137,0.21629225988983142
108449,0.05898923533476418
108736,0.19836126090181966
102059,0.5335349189666196
108198,0.5308338394492069
103851,0.07988708197398936
100149,0.0961881150939288
104125,0.7779877205428196
104890,0.0719058109683878
107931,0.9114822278937424
103364,0.20254596331303967
104789,0.10619948068019813
102867,0.8225794804945252
103777,0.26173636402477873
101387,0.8787912207123695
105942,0.21978308460954604
103068,0.09642200796920003
108093,0.15109696401254125
105696,0.7318457977563837
103630,0.057478634497757676
108504,0.9195269528578205
104798,0.11161343329462449
107904,0.9158378220646692
103029,0.7716446291052446
102970,0.9230932042267525
108352,0.098285935243587
101709,0.773898774406478
102954,0.46533336590762664
100455,0.1882625282457509
106965,0.41905838894356234
106137,0.06188632818130077
108179,0.9333383215485984
106412,0.08148393141532373
100610,0.11206331213537242
104264,0.2004062887409922
104827,0.09795222930086583
100646,0.12049551031886066
107455,0.663323502524894
102075,0.5272458190175116
104053,0.9342166047745806
107960,0.09504683629329426
101623,0.1691369058757713
104684,0.06214385195978273
105498,0.7458827037834456
107142,0.7616306601437282
107321,0.06502271250774717
105797,0.08463696514459514
107185,0.16494348312146057
102082,0.32211488833951
107078,0.15735911631113822
100041,0.39485345815791784
105476,0.08927020482516256
102090,0.09443258232800424
103925,0.0945503079651828
102176,0.19983939271130946
107314,0.9081253717265656
108319,0.2978292466212278
100075,0.7645684348970799
108338,0.07378679866772828
103799,0.19569462989079825
102658,0.07903055197115708
103181,0.06694303347332498
102077,0.06458121283806996
100442,0.8857645618416697
108297,0.08873594646030583
102052,0.8036763464462134
102542,0.2520452270154207
107403,0.15306744749560333
101302,0.3662565396739462
105878,0.2804658666625617
107369,0.5376581867477467
103431,0.06515046396277563
101305,0.2844069921697866
100237,0.23409815502869297
108794,0.5715250688642763
102600,0.09814023264899006
104617,0.09648723554026079
102574,0.06701061505555
103281,0.31557411926292406
103187,0.6373930034656026
103954,0.2370835016692747
102769,0.17128671796127612
104832,0.7264140792760787
104224,0.6201051879373729
102107,0.3816211300909837
102680,0.21424660331148965
107326,0.16297806420646238
102762,0.1770141492781218
104689,0.15090652101110058
105400,0.174212000081686
101388,0.7678231943219596
102902,0.07646558839564623
103578,0.06756255278341619
107869,0.4201764702666328
108690,0.2623337568388488
107084,0.47866044359660925
108831,0.07938287814410766
107394,0.06623618076501543
105001,0.21134189447172363
105854,0.8896457584959665
101280,0.08182939713010276
108474,0.7407392390928145
100805,0.471169606756799
106405,0.3009144639407898
101556,0.7217851081511741
108533,0.3199868774357741
103191,0.14197755288844396
104567,0.07923978843960586
104803,0.21897003299638196
108700,0.0712889556267027
107167,0.7994365829336496
104842,0.07930004502651727
103595,0.09053368566165385
106036,0.1320419223337693
106853,0.09896084357126052
106959,0.17109126068460045
101921,0.0892647419631998
100514,0.1527921839435365
104178,0.8025290476460379
106844,0.06872833873267922
101309,0.7653127928461803
105668,0.08379521894701729
100915,0.15460929659838168
103453,0.8526442640204759
103696,0.08515720984873144
104243,0.15502065233565251
103157,0.09069449174432705
102199,0.09251671899974725
107841,0.18091846631989386
100775,0.8622036941565758
104426,0.09850134127974271
106151,0.062335098292337715
106098,0.31770906371738467
100944,0.916699054318765
100823,0.1729992559138186
106879,0.36254212007019876
105006,0.08834484692804558
106613,0.08149799310387408
104278,0.07618373583467374
100165,0.1231673421314452
105620,0.12081347436188601
104548,0.08242743583352435
103984,0.4367341031695793
102539,0.11417455342272408
106958,0.05853491441466411
103192,0.08326416475059391
101312,0.1400475016730184
108397,0.11767690661433247
105208,0.11323539617274372
108560,0.8544580191954865
107586,0.08867839564374706
105384,0.2680381812196487
108158,0.2387643998625456
103676,0.7340000955683934
107777,0.22705471673656208
107219,0.46761002994996825
106723,0.5502018551827417
103301,0.07748608820179598
103311,0.09198141991604536
106905,0.31844489001193477
107222,0.15760781983227415
100328,0.13429064881939848
105887,0.773424910725825
102491,0.6187218821144265
108719,0.09460159647625777
106104,0.18624250010476787
105955,0.1869004073580855
108692,0.1442997312322616
104409,0.2354033743369014
100833,0.2173872725489344
103080,0.8774366140825085
107517,0.7671287356351906
103463,0.2082995529310518
105298,0.0787041693274909
101824,0.10956008216484801
107644,0.11372681137894891
100055,0.20071147873519196
106231,0.4833031420233195
104065,0.3636531085112082
103452,0.3126105054664525
106306,0.12626345683912293
101902,0.09337977043114702
101482,0.8352647823485921
104874,0.25629318804108275
104896,0.3430072273020299
107811,0.09655096796495895
104151,0.7834308206810263
107069,0.7572069456369664
103336,0.07377297745321808
106017,0.9237374824702748
107812,0.682230213468012
104927,0.08412002353167725
100947,0.11320601800841229
105798,0.11402487259509375
103294,0.07228274617146327
102162,0.33496161416139103
108848,0.27817463949989885
105084,0.09033595177583835
106646,0.6969802178241562
108235,0.8438275124522486
103058,0.48959206165900615
107343,0.06306877346101034
105491,0.8101848273174488
106734,0.21480824309745586
100769,0.2826624573559329
102066,0.12351277643758866
108547,0.0739855698308354
103496,0.08821947054720349
107312,0.344147901246683
100286,0.07884666006446699
101501,0.7345142472891499
104525,0.12050896799863549
108463,0.1017227204105561
102333,0.1957205854245438
102718,0.23317687059066716
102080,0.6053988847985478
103390,0.0725681716158513
100723,0.42163490784055757
100952,0.18677815060635228
102483,0.13974574426241143
102263,0.16208403769102553
100990,0.737780120142404
103213,0.2601173823678073
101760,0.4937734402322542
108032,0.08183153591366381
104423,0.5595067807141504
106705,0.8957143333424815
105480,0.13351271958750408
101725,0.748955383318724
105183,0.1585504135947582
108483,0.6210479928961342
100342,0.09082588448610772
103702,0.6608307342727858
104244,0.14521098151713321
100689,0.8601688610798784
103433,0.1138649989204883
105204,0.6960776887151997
104945,0.49211266146211763
100967,0.17425647512021422
103121,0.06598025223851421
108531,0.1263181937842213
102204,0.9023054637681769
102714,0.29555238402557465
104758,0.08135704173128833
105099,0.12323012249286865
108418,0.6665841360826226
108587,0.11204743499490041
106321,0.21564594266907697
105281,0.2715381736981665
105976,0.5472735607538297
103573,0.539969132338266
104806,0.5358545386726034
105300,0.3254549094480572
101991,0.8696867119984033
104121,0.9248346515357907
104760,0.21552835648818372
108025,0.07221208461023317
105299,0.8834639725265707
108380,0.4193428503299172
104972,0.14805365127669007
100955,0.09604307570304592
105035,0.11672383188305649
106784,0.8081066138009422
103601,0.22485080711867897
106491,0.07745290010593822
108581,0.11038227076967763
100475,0.0647762891090036
108064,0.17761446032582195
100386,0.17605906202664123
107974,0.7771347767538074
102123,0.28439306594799085
101626,0.1493177135001503
100537,0.8931804986190388
106388,0.10742379590961867
108673,0.9010682145137986
107971,0.06362616556035015
105033,0.358491490432612
107834,0.10374991298260587
104213,0.8816856911928108
106457,0.18134444921583748
103508,0.06858381609412222
100202,0.8810410727763072
107305,0.5803862971564782
101333,0.5337120179335737
107113,0.08057400026699302
103503,0.08644356202602077
102709,0.07298489832030881
106031,0.588512469291067
105032,0.9165657170519974
106515,0.4814829847571987
104663,0.7470176157243764
104022,0.08478165476946904
101855,0.16942649387184805
108482,0.5564621630527861
102873,0.5436214534354221
103031,0.2007240366365809
101206,0.0856873081187278
106564,0.5510790762287527
101646,0.37947700476461255
103418,0.07341099818201366
103477,0.148023446344024
108594,0.1813868477956681
102862,0.1671023450653093
101793,0.08454885004174335
105527,0.13684585130112548
106923,0.8503437744910066
103798,0.3592176448575046
103369,0.8452503387986221
103368,0.8906495170447893
103534,0.22368625975628653
107197,0.11118376798551433
108675,0.18079109615685804
105110,0.12467521472322894
106025,0.09552729646202728
103450,0.2700610105039225
107967,0.06851381098227495
100604,0.08674234139511043
103057,0.3158592419544776
108359,0.6694439321050406
100127,0.8695298221107486
105960,0.5700314230556496
103877,0.45209385072611796
102936,0.34320700289986483
107301,0.24607698535952843
105444,0.1470189610461783
107152,0.16266204419539204
104452,0.10611838484777943
107148,0.5823607482437727
103532,0.1554724848631373
102731,0.23977051244837383
100828,0.19460337349928541
101640,0.9153547761795479
107791,0.09766155143611467
107137,0.06187699982247685
100985,0.37247052650427875
103282,0.10744061543248029
108972,0.23864759222491147
107784,0.5467504979563382
102189,0.1982613410056688
102266,0.3202518497050957
102444,0.23396359282214188
100363,0.16782077990583968
102350,0.7376529222757076
100346,0.10128238506246877
100815,0.7277492458517676
106167,0.1330362858657848
104808,0.16971068848215862
103206,0.3881546694008275
108129,0.7889664769703677
102920,0.5565912639830252
105962,0.15490239010125603
103326,0.07193576727693181
104107,0.8800992905663144
105780,0.4850377083435896
102117,0.10787285619196933
107451,0.6896915170452242
101835,0.11432574699541437
100794,0.1835818546426325
107460,0.4415328350915312
101956,0.6974997098600726
106899,0.44309352343514613
102675,0.1477672151366261
100095,0.28105655046648204
108124,0.06640071615416868
104226,0.08628176320702727
103757,0.6942043541675181
102892,0.8872758786574534
102372,0.8669447816259302
108647,0.07539236949448239
108101,0.11010206437507304
107429,0.36748204898684167
108448,0.3495622802215449
103229,0.12790119969368036
106159,0.27699595628161233
107864,0.08781286104905237
107092,0.8566816613814521
106360,0.22645791202145701
105997,0.08231495384024343
108265,0.14103150001926062
108468,0.08179414485634579
107327,0.8213863699490492
106029,0.3104795196246629
102854,0.6989840250410354
108634,0.08937783381431615
102913,0.12319439634378981
101866,0.7570408782335399
105755,0.18428187203956906
104613,0.2718013804762535
107690,0.08615266119332257
101858,0.27742032457979987
102646,0.165232434591044
102244,0.09247782441023679
105374,0.20948141924066427
102337,0.19178030078542826
100951,0.11117686312883336
107579,0.7634808757220085
108401,0.6476716046378672
103069,0.24271825711491177
101121,0.07973250905652339
107609,0.08708463497617222
102598,0.1491883852131814
102205,0.3564722121922614
100420,0.20809720730557538
100923,0.2436698171641138
101255,0.06453457910185384
100478,0.24069231262574597
102036,0.34005240693111877
105409,0.18666013340410387
105789,0.14832367802461605
105743,0.13775485650159894
107183,0.38612045637102016
107668,0.7369394304543121
105568,0.8742465678585887
106698,0.20476470987808065
108136,0.22680080190000604
101203,0.1251686316551768
106535,0.16583553450052083
102627,0.26653646231885675
105766,0.21501030840594676
108818,0.18825732952921534
101971,0.5290664569882533
103111,0.14209581636138563
104019,0.32226067903010996
102152,0.22760969625487232
103688,0.4899974910206953
104917,0.666534121088223
101998,0.07696713837014162
104034,0.06622708745961854
104599,0.9207880461148669
103055,0.12869955419025716
101249,0.8024745591804688
102193,0.25210551183241187
102713,0.7283025528048658
100993,0.2606844853504678
102191,0.08794947472625404
104671,0.12078525498591347
105143,0.0962668543415779
105985,0.7514666191165009
106566,0.08901714637689623
107805,0.06324364364529939
103763,0.17214172611580333
106944,0.702234265663359
103598,0.7862963378461107
104712,0.21487490894693118
101319,0.8778896050387639
101864,0.10139763112442396
102344,0.07495319083580305
102450,0.075360177130137
102137,0.28759358684234393
101066,0.9279093330589402
105869,0.7544376363375381
100601,0.31584015998710313
104228,0.5783964067941099
102622,0.0678884824859706
107578,0.061835461924946
100078,0.6131797841038357
107547,0.15252638434924995
102899,0.08045496825197798
106149,0.15283232219268272
107333,0.0948610154192194
104821,0.06537995944508308
101315,0.559249105626462
108367,0.6722971121385283
105948,0.19432301496124982
106414,0.9347608444968617
108008,0.7447713677151999
105469,0.07837237418947163
105952,0.0726902150748742
103392,0.07699082730154705
105416,0.0649478224979528
102561,0.8133206675073026
108163,0.7468743885865932
102636,0.9203692694192979
105257,0.7718126827292383
103531,0.4543714912847695
101909,0.21675159999206725
100236,0.8499814848755417
101605,0.3243598563581241
107985,0.795565724928253
103491,0.489133986029784
101995,0.0750602893380885
102825,0.1300815875391099
108350,0.578832308543839
101343,0.7601467590816852
101620,0.1822328744971506
105288,0.24241028576859605
102061,0.8132964485287334
108958,0.5234563253027991
102220,0.20393169770404446
106039,0.2978279354721262
100261,0.7435834579618811
108425,0.27118525383618275
103745,0.8166632529098379
102027,0.08873669656679974
106989,0.9228502948678466
104235,0.1262913973285379
101918,0.13958589697927387
101829,0.8910489604042542
106234,0.11552388587681643
108394,0.08771640999269463
106284,0.0772001541807811
104209,0.3639365609571303
100225,0.7339947837652278
106470,0.09283525736231557
108470,0.10945994551744458
100847,0.07830520839235125
104290,0.07661681432821528
105561,0.3547848358048541
102552,0.41797654575585946
100118,0.3342997816868188
105967,0.7837455196233001
108196,0.3143025485407974
107490,0.2782112695594077
100006,0.9170039984050692
105343,0.44691964193662265
104325,0.6629489795038085
101064,0.34181435414547046
102591,0.2745217169684712
103736,0.92699167936679
103518,0.10243962020339535
106987,0.21723149617391127
106768,0.7326132122722919
105623,0.888332291705569
101606,0.22734634236978737
101734,0.1526692588454161
108403,0.11869647718085864
103813,0.09327602594821403
108658,0.1361132757013878
101762,0.5652086507249364
105402,0.22066244702517335
102740,0.09129729645067966
102473,0.8031895238009126
106739,0.07134372315574578
106892,0.1376803572521584
107944,0.41678313247514814
104207,0.22694820929270054
106372,0.9348862855852887
100233,0.15099190941593163
108259,0.3221933920156569
107562,0.2534563136322093
106169,0.0893290141118272
103597,0.15090401272448042
106289,0.1299138554982864
104633,0.06261918428695157
100126,0.6734620294530683
107642,0.11401184098387496
106230,0.11432917538460435
101297,0.33087206968023747
101977,0.10889071238006325
108527,0.09696881184003563
105751,0.07807835698060801
108153,0.08264526637636792
103087,0.09338341484051901
108341,0.6115653115282869
106883,0.1709615252828872
108370,0.1993944911721601
107674,0.49986673185031955
103346,0.2828612030469687
108173,0.20156206101663107
108478,0.8445104065300761
105871,0.8855094731720271
106507,0.7355063433000807
102798,0.8072793016524471
100919,0.08057942882635649
101647,0.19238806633266678
105123,0.07480249590178813
105127,0.30616355763778796
104622,0.4221705669043086
106810,0.9193450982645137
100365,0.3952271770823782
102126,0.8971351933002457
108151,0.0986819829354431
100056,0.07867376162938455
100639,0.4289816947484461
100303,0.11167802628756236
105812,0.8128127802358259
101277,0.8578550108605018
104433,0.11561821162212392
103645,0.3030023409687273
104144,0.07330777747669366
102879,0.06560932254723444
106494,0.21049424271148254
105241,0.150343595034294
108465,0.23616319849218934
106938,0.15037630968931398
107241,0.1900494818033397
102594,0.7091108130961157
102394,0.11171763599172152
100524,0.07244312788780644
106377,0.34956171953293336
106982,0.4068379147680555
106678,0.17667445609145957
103901,0.70092647776106
108668,0.20558282338015402
105586,0.14588556802417507
108421,0.1143976208870193
107957,0.7416674011537314
107571,0.08959925988061024
106778,0.13452987083803777
100672,0.06880352637634873
104189,0.5205765987891617
100667,0.6970406965609887
103267,0.9229632384079981
101888,0.292892811896353
107688,0.6490082737562097
106032,0.20151348149448567
106091,0.5250379671768312
106239,0.12471949086912089
107351,0.49310156817116446
107831,0.29771525839935575
100761,0.3811404630130647
106255,0.21544914410936458
101907,0.07350688464952622
103819,0.10724293215238277
106270,0.9297539874322547
104301,0.18561956631467988
105570,0.4230279342171364
107942,0.5794015350252416
104165,0.7575139264876013
105972,0.4163316099847849
103580,0.4614683889978622
102833,0.2526451229977511
105450,0.06579513707458774
103473,0.5245433017120542
106328,0.1355910575042756
100138,0.08419721770751748
107044,0.7501566614318386
104893,0.9120962592031129
102181,0.9254201601003803
107731,0.19915208521852193
103178,0.48841616559535284
104855,0.09553949264385067
104638,0.4904065893826725
105116,0.35341627915987806
107649,0.09292662517752098
104262,0.4826843592543923
101332,0.11764845177658821
107003,0.07673547138564239
106942,0.921515322433602
108018,0.09184168443450197
106242,0.6824383940344068
108988,0.18190169747907695
106882,0.07547105957366529
104531,0.21503692583494305
104674,0.2564524248855573
106997,0.19097568989184663
101253,0.1401306576783112
103375,0.0690206967431053
102815,0.631158565773884
104720,0.2847365689171565
106545,0.22212846370761197
104859,0.057529637151918556
107902,0.08058373459575377
101078,0.4014488405688258
104364,0.14082284583473995
100771,0.06104909085871872
100250,0.0928471954543292
107240,0.056252143763420755
103420,0.07977789705916907
104977,0.34890600373816116
104545,0.09715613613879584
105566,0.14526679489297237
107940,0.8290529545551317
100717,0.6918224730389249
108684,0.22071135292609087
102049,0.7706323995153928
105998,0.11167762756494179
106601,0.295969883925898
107246,0.12315701113827196
104179,0.7268766107241654
104810,0.11588885575023074
108529,0.2907837867824444
107141,0.5180894587559929
107191,0.10558922130536656
101461,0.506833747524643
105990,0.9087379241651615
102001,0.17830126249781816
108176,0.1976854800997518
100405,0.28145577353730145
100385,0.5984853579034921
108534,0.07115552788371883
101634,0.11138068129189542
108597,0.08569868792269672
104785,0.6995427684515595
108505,0.6507328296571924
106971,0.06693038737760713
103926,0.9262687678252525
104159,0.5810162491702172
107450,0.12940830216723603
108416,0.09606657736304305
102194,0.6685526849769282
101016,0.1719814751061531
105125,0.06523325118669353
107419,0.1433380007258716
107410,0.7649608007514511
102872,0.07027645876946577
100010,0.11830116474120435
101839,0.19588239965539322
104805,0.6160395976583519
100256,0.28233203190641715
107027,0.15185508270914533
105714,0.7701751955033036
103325,0.1827637422921899
107715,0.3414822042080215
101582,0.08280499161579338
100925,0.06831965084826494
102780,0.35703660995009506
107892,0.18959805067811084
106133,0.09887576615483401
105321,0.07334336204559466
107313,0.9131902291153663
107103,0.25851262877505016
106043,0.16951279063724842
103776,0.16308973198333973
104836,0.1500813398918049
104965,0.07899542148742411
100540,0.3602056912677882
107484,0.19537021874157592
102746,0.08899472129538485
103720,0.23725821240952957
106820,0.818936413363164
104469,0.13900598824246396
100668,0.16338994420377168
107576,0.14570491181192863
105064,0.3521410657588553
101354,0.21067528023203705
107115,0.20524028948322592
108962,0.09095276671537894
102704,0.6971839359432652
103331,0.08612497967577436
108054,0.91184529367844
103585,0.12406818558105713
108494,0.18911041929298605
105646,0.4025046138799851
103377,0.5409525709672366
101257,0.08975883912198876
106191,0.3125041073702721
105349,0.16127285606585046
104176,0.15787244409325832
104911,0.12101013818568947
101853,0.554455265851657
106317,0.21179253821545566
108867,0.6710441322115406
102106,0.8148977289418077
100134,0.08568104425154953
105030,0.4064530549659935
100929,0.15727127746573594
100824,0.3753211193701534
107577,0.24933914313936711
101532,0.07649108544176765
101215,0.308757689989293
100505,0.09984907794716133
106531,0.18450568868361467
103073,0.09915347676687478
106620,0.07510771385107927
103710,0.1607664536940433
104850,0.8819367207548723
104749,0.11036281875252335
104269,0.10473251237330947
108890,0.6521896995343619
104187,0.6121239301773373
105302,0.12425550464142339
102924,0.19296353545784597
106589,0.24174692472621467
101811,0.09340664037312596
103487,0.15612458880231928
107420,0.9265760178782962
103142,0.7757638836591294
101325,0.2984053303100406
104313,0.8586501996437722
107495,0.08662592831055006
108550,0.2753671657248796
105542,0.3094609472867267
106173,0.3246616529762512
101541,0.9346371401442702
102682,0.183863120995346
108894,0.9297781928869501
106314,0.15756478058994655
101192,0.19586582228690053
105294,0.9250742553929999
101543,0.09069363022483559
107057,0.08404951037365203
102540,0.0645256829356368
100954,0.8967455542440665
107242,0.5249328655559223
106732,0.48759617696445295
104847,0.6234448610789912
106802,0.07137008588327709
108011,0.15448669223527986
104331,0.07454911885672334
105335,0.06113946915404687
107331,0.06818961811345858
104730,0.1866554628341409
106542,0.6770149189487498
105306,0.913572446726315
105162,0.07467233090062897
107861,0.6574496808427195
102157,0.1262352888495211
101063,0.7709873542962403
101168,0.06385994412094995
103637,0.7116176363805428
107652,0.2050288771337636
105589,0.14335382402951438
107193,0.696610473430688
104492,0.5100553581268882
107267,0.17734331580719503
104981,0.8033084736211602
108336,0.10657238496196753
108956,0.06601324692803086
104947,0.46588750265921786
102783,0.8136611975242324
100718,0.9228232393581964
102503,0.10891599572187878
104361,0.1361406907016446
104172,0.730845964918895
108083,0.06831134333796146
108782,0.32772743698208967
100396,0.08509368202275902
107187,0.9237320762727239
108964,0.639226796880771
104493,0.10091200243563618
101366,0.15222742112527615
108571,0.6450939577297897
105918,0.42050685571232466
104969,0.11839734482108911
102915,0.6549133007091545
105645,0.4034887225130383
103767,0.815850771086316
103441,0.1739645698870554
107358,0.1293396536881018
106807,0.7010899853872972
102144,0.4765078645380419
105105,0.6490420310252555
105074,0.11607820770052203
101572,0.5371318245228396
104080,0.2078656508659119
101123,0.28762926565322816
102787,0.22087457422166698
102968,0.562010765837322
102505,0.1665322698195185
105989,0.5894718874258158
107165,0.41021900762784985
100729,0.43878136290174685
107588,0.2454428915485637
107544,0.1838360127991621
100413,0.07891575228035795
105746,0.18918720591944058
107669,0.08220497926314353
100826,0.10075355380286972
103268,0.08762055840131398
103975,0.8016001646979396
108307,0.0644671220697984
100418,0.19635811449715324
106749,0.061900056560299066
102083,0.24628839957630905
103374,0.48231424142554785
105727,0.1813433063302604
104108,0.06882102983562102
104381,0.2351772850940388
107724,0.06583096781991338
101067,0.0888823819559231
103914,0.3501956267933503
105537,0.15737379215530356
108003,0.20824958424645806
105388,0.6166097676933873
105733,0.15805292631724122
102739,0.39951805804807844
105053,0.40583850041139174
104001,0.06777735070575916
102428,0.10980893275992773
106834,0.9287385222390035
101688,0.0939790328149561
100852,0.686033902147955
106304,0.5777416878564784
105879,0.1159351051373059
108528,0.19365442884142295
102840,0.08316246023195047
104612,0.11001797881331575
102490,0.17300335577265993
106906,0.36591398649725654
107391,0.13427180766197133
102850,0.2575533824488039
106666,0.7939162627873875
105882,0.8686595152961537
104453,0.0685352201058024
107422,0.12278495290596508
106485,0.2765330005526031
102480,0.16103271813485975
106618,0.06655932061036873
102142,0.7719218047696272
105189,0.10564159781024338
102745,0.6917489045932921
107254,0.09929570290651307
103507,0.1832054726329332
101680,0.1939955434389041
104250,0.11679356173416333
103148,0.6085312546575964
108131,0.13921261824098263
107005,0.417840701873501
100581,0.07099529726159229
104071,0.10724209552885443
103344,0.21600666343316208
107405,0.33042319946157706
103673,0.5640647022589368
100560,0.1564100800034402
105238,0.10270883604530881
107806,0.7516901469566772
100513,0.1650352349884291
101082,0.09682093056669205
101665,0.770113740752477
101932,0.5738774327291134
108697,0.2844125644687563
101151,0.17212926048830707
102839,0.7650325690793558
105950,0.8065683770975054
108309,0.13113237582609477
105178,0.37390873834861627
100831,0.240231634617211
108312,0.06447051325793386
104753,0.15756866384280305
108747,0.07584678551676197
100636,0.7982242666337022
104466,0.09261237014646587
106800,0.07024380653599609
107988,0.3754960642427563
107080,0.06964400290376853
106967,0.6109492841963126
104143,0.6072175622851753
107028,0.8351522655229786
100877,0.9046897452476074
104870,0.225124786736383
105316,0.0646089966149425
105223,0.24945823530118533
100005,0.17619484141602476
103052,0.13832982441872857
105692,0.07052923639115892
103125,0.06303616733557801
102492,0.6450490437948381
103855,0.07685934605392486
104778,0.07906834367706561
107510,0.4503188585520371
106458,0.084660195581419
106294,0.162772502942849
101149,0.20145173235443542
100575,0.5153357424859524
103770,0.06778983849290122
104147,0.6867667343785788
100854,0.17538002322113444
105920,0.1279695030934367
106615,0.8849043550642087
106003,0.11384227042200008
104496,0.1169087583183524
108174,0.09571318531451278
106656,0.07494782856565062
102369,0.08193050787064496
104781,0.3575316179325986
107993,0.07138425518218242
102951,0.5091562201679796
105626,0.20974341213831352
106972,0.12602424077249316
101842,0.3917030442907078
105987,0.6179922276806156
100538,0.5548544940417688
102807,0.4682590797504561
105802,0.8775472079222603
105597,0.654035384839689
107207,0.36412999771530363
107344,0.8623939376061568
107561,0.32244144686643816
108097,0.2197708154677024
100785,0.2046201209084069
101410,0.3820717294001203
100155,0.5141578401146036
107807,0.09200274924771579
103010,0.1553428977535447
101687,0.26020796843552907
104015,0.9019743575194069
107456,0.6865668183549457
103864,0.39822214567519504
102734,0.2445731919420494
101896,0.09039741509823125
105443,0.13792374823179673
100570,0.11527987362999619
106710,0.529773469754476
105855,0.3017676802917425
101817,0.4882460517103289
108320,0.8624037833666969
103395,0.07012494204375465
103328,0.35048257288540996
108983,0.1106740830318678
106103,0.311004902433137
102976,0.5854096679318089
100981,0.10461951381889253
100191,0.09905538355791542
105089,0.1553377208921794
100700,0.502191157197309
108781,0.08255248487450043
100607,0.6616500498467358
100302,0.08065588238214402
103421,0.0571091973226643
108822,0.27771393399568384
101061,0.2382813382374944
103445,0.15588053296142884
101070,0.4222755705157065
102206,0.15345127090500518
107340,0.08495232010377063
108209,0.1166564460516334
107680,0.13093544610320196
104643,0.09376324014215193
107684,0.2659215214855719
107997,0.8981261492722425
105601,0.39047844955612565
107023,0.3869058641923507
104894,0.2501164086852692
100226,0.18741197367494075
103355,0.49283458333869273
105896,0.8482092559063863
103437,0.08247470130866476
101694,0.0602134860963874
106894,0.11437786593458685
101046,0.0614590922599523
103447,0.09964703284289994
108051,0.1403421213827586
108982,0.0982296711840219
104736,0.20736985446801248
104497,0.6298548723544148
101219,0.06729339689373179
106016,0.7088046461659223
103988,0.8558231740548858
104912,0.08655973280332792
104494,0.08556915121487033
106945,0.6181673769136429
105700,0.681124805455026
108353,0.3854544659816314
100957,0.501843059881715
102870,0.1472205106530744
104434,0.9064290560920916
104974,0.17432161115472178
102962,0.6273262273447711
102201,0.16876778631546463
100099,0.22802000731951907
108864,0.38822508531450095
102558,0.8070989770582544
108446,0.0615327553794005
104200,0.7831252804342614
105540,0.13086398838860103
101649,0.285107915906067
106198,0.33898355091888943
106296,0.526539006614674
104500,0.19025771188120932
101155,0.12667716707467483
102256,0.8719755270283784
103171,0.14768399118898207
107401,0.06718977031458334
107159,0.46464083655034477
103109,0.18547605778728232
104549,0.07766309001295636
105424,0.09960585597158941
102050,0.9146860418559533
108815,0.07110245060015544
100263,0.20549485766374
104062,0.1339034321673176
105535,0.6559748654060336
106617,0.2380011520761179
108121,0.09323323101278727
108156,0.8884114123205503
101803,0.10487821122263136
104737,0.08074360008849146
102386,0.9151125640733424
106695,0.06287864661686218
105760,0.2562492089421843
101960,0.8905978735439942
102977,0.2712436827958406
108681,0.14755575318298247
101844,0.08383458697620814
101735,0.1362989300958531
102912,0.1941121941003244
108339,0.9183160353641496
101987,0.8123992367618454
106547,0.6620826851866
107099,0.15309195453252525
102812,0.24073480773010994
100660,0.38105171976906393
102512,0.06403068286425675
104283,0.1911540574882257
108801,0.839241943330021
106288,0.9094120829926174
101931,0.18369820400250694
107126,0.07872960214785428
100198,0.10316738376765798
107778,0.08487591574541527
102932,0.9138502523297116
108005,0.9000438724551872
102328,0.09870330460496905
104390,0.3858410395172556
104219,0.9170423605661822
100203,0.08961048284209311
103511,0.7698527073581929
104932,0.7290041182566435
105536,0.23218687034746963
105792,0.248932683628778
101708,0.37180328293248094
105173,0.26445010326880297
105250,0.44303134525919535
106529,0.08933520490127232
108863,0.17367869212319065
105856,0.05995296679200232
108165,0.09091803467374616
100855,0.3713435830711552
104738,0.49033346484556467
100699,0.4604904268289974
103697,0.4065447355285631
101637,0.16043876581316435
107281,0.34364995824382655
107555,0.17261303556723878
103582,0.05950275480784098
101292,0.11943389472773334
106586,0.44812909381276606
101854,0.23577164743950715
105233,0.38142603935993136
103764,0.23324317554059426
103305,0.18260352510352146
101496,0.8462678609699579
107995,0.10391839337963425
101999,0.7215381154864667
100664,0.3708403134539747
103749,0.21576508613800677
104414,0.08994265895216538
105531,0.8106866652666046
105576,0.10684202990683289
107527,0.09382910354910141
105865,0.8135364436851146
106777,0.3322277354480201
101307,0.06586687952652107
107393,0.49044340372491596
105593,0.11800416211213041
101664,0.1750416406501585
105451,0.8174732711129222
103628,0.8468416732692736
102694,0.10215536284382673
105916,0.4535891665729847
103158,0.1778482467387307
106669,0.12339958511901744
101060,0.7521961401045256
104637,0.17843628394368896
103243,0.12143384848231596
101679,0.6341764433354499
106893,0.17064592612604174
106375,0.09692383715862808
107575,0.7330427456738584
101758,0.457111499711982
106020,0.9087455648726384
105117,0.25267484134544804
108756,0.1225714868005393
107409,0.28625272196219187
102791,0.7275493172105338
100864,0.1551501947558526
107859,0.09244491952375995
101485,0.8867528503034082
107036,0.11752965782923006
107722,0.8078944764915709
105978,0.5384074227322516
105135,0.08166965920351242
100207,0.07512496142712169
104489,0.5974821731122216
106939,0.3610327468125948
106911,0.31870075392739544
100503,0.12930574256110133
107386,0.548702154200529
101029,0.142412097263121
103841,0.11833960913846883
108111,0.1245125013695725
105057,0.06804211842651571
108155,0.2983076430339589
102732,0.1371764394111127
102455,0.7081250375060499
107216,0.8791598684414892
103105,0.5660771672406539
108393,0.8914569784554451
106279,0.3330900535131454
103100,0.562172448233537
106185,0.19561050599523822
103562,0.3434109030528711
105893,0.08223427956257089
100392,0.9234389893835656
106737,0.5593075336912917
105619,0.3225383562764724
105259,0.1656203713676687
102696,0.06262403418344441
102028,0.1756460862034342
105464,0.9297376496757325
102569,0.3957535485583958
108007,0.5737710919634381
100065,0.4760321190439038
102063,0.7684125203974013
105277,0.9162636663872054
107209,0.11034002396952708
108685,0.6563156214071595
108572,0.46895914538576716
106332,0.07740379534314863
104860,0.17906757858165076
104888,0.7865618201336871
100879,0.20988339498195951
108530,0.2772143732724913
107917,0.12088419831116734
106864,0.1496844637008064
107893,0.09773265580240305
106440,0.30091562704298536
107870,0.40893857234270775
101017,0.0784241335876341
107630,0.20612141160592204
100996,0.07326292412264666
104298,0.13596047561665353
100162,0.2637859483073516
105676,0.38618682399671334
106874,0.8891506266024266
107990,0.17562193384238522
103844,0.6141225127116569
101022,0.058935897855983584
103074,0.5401212051281591
107556,0.2652413730930104
103944,0.07356066292447014
101586,0.14450133785605546
103153,0.09633149596684261
108227,0.0874314482740204
100776,0.9281224221877518
107100,0.07159474464840845
105487,0.21141805859803198
106236,0.40120888456624376
107042,0.4091223203171113
102613,0.09978844818133463
107514,0.13170497795202912
108434,0.10685654119092039
108793,0.903530406313961
105394,0.06551543573217176
108839,0.16684718613842917
103891,0.09539141661052963
103557,0.1636159883839884
101529,0.4928288933560508
101268,0.5310813543613013
107735,0.8742887220927931
101900,0.8305343985463648
104659,0.2128034859939081
103006,0.11593935654949747
102735,0.14899487117632215
100190,0.330133248061394
102748,0.13475920652041867
102048,0.06202103916562819
107850,0.07111153279342584
102559,0.3064613375398866
108667,0.6780897084873168
106397,0.2347659022044597
103386,0.4303899140180388
104556,0.9270144505250748
101185,0.07694142506471922
106421,0.13380190496226452
105052,0.0992069590608456
105312,0.17466372215528028
102434,0.0834649687588067
106950,0.49264417169662167
100770,0.6884534479111124
101686,0.2393337197989906
108323,0.1490318048510319
105579,0.9146763218730563
104427,0.1564193851888893
100467,0.5509070401224659
106266,0.19968846129816664
105735,0.45426870164370264
105192,0.6396924986068914
105391,0.1730031318758721
100861,0.5122991334056604
107271,0.1693134344975773
